English (do not edit),Placeholders to keep,Notes,Czech (cs),Bulgarian (bg),Dutch (nl),French (fr),Italian (it),Spanish (es)
Toggle navigation,,,,,,,,
Go back,,,,,,,,
Start again,,,,,,,,
My choices,,,,,,,,
Browse all,,,,,,,,
Language,,,,,,,,
All Products,,,,,,,,
{0} products,{0},,,,,,,
Product Options,,,,,,,,
Your {0} surface,{0},,,,,,,
Email sent successfully,,,,,,,,
Here are your choices,,,,,,,,
Your Choices,,,,,,,,
Email your choices,,,,,,,,
Enter your email address here,,,,,,,,
Send,,,,,,,,
You haven't selected any products,,,,,,,,
Back to start,,,,,,,,
The Symptoms,,,,,,,,
Choosing {0} for your {1} surface,{0} {1},,,,,,,
Alternative products available,,,,,,,,
Your surface,,,,,,,,
Your selections for {0},{0},,,,,,,
Your selection,,,,,,,,
Download technical data sheet,,,,,,,,
View your choices,,,,,,,,
Add to my choices,,,,,,,,
Choose {0} for this,{0},,,,,,,
Use,,,,,,,,
"Please note that this information is offered as general guidance only and without guarantee. Your specific circumstances may need an alternative approach. In case of doubt, any process should be tried out in an inconspicuous area before general application.",,,,,,,,
No matches available,,,,,,,,
Product Selector,,,,,,,,
Press Start,,,,,,,,
© Copyright {0} LTP. All rights reserved. Company Registration No. {1}. VAT No. {2},{0} {1} {2},,,,,,,
Choose a Surface,,,,,,,,
What type of surface do you have?,,,,,,,,
Back to top,,,,,,,,
Your LTP Product Selector choices,,not in the English dictionary; translated in ro,,,,,,
{0} added to your choices.,{0},not in the English dictionary; translated in ro,,,,,,
Loading...,,not in the English dictionary; translated in ro/tr/pl,,,,,,
